<?xml version="1.0" encoding="UTF-8"?>
<beans xmlns="http://www.springframework.org/schema/beans"
	xmlns:xsi="http://www.w3.org/2001/XMLSchema-instance"
	xsi:schemaLocation="http://www.springframework.org/schema/beans http://www.springframework.org/schema/beans/spring-beans.xsd">
	
<!-- 	<bean id="connectionMaker" class="main.dao.DConnectionMaker"/> -->
<!-- 	<bean id="userDao" class="main.dao.UserDao"> -->
<!-- 		<property name="connectionMaker" ref="connectionMaker"/> -->
<!-- 	</bean> -->
	<bean id="userDao" class="main.dao.UserDao">
		<property name="dataSource" ref="dataSource"/>
	</bean>

	<bean id="dataSource" class="org.springframework.jdbc.datasource.SimpleDriverDataSource">
		<property name="driverClass" value="com.mysql.jdbc.Driver"/>
		<property name="url" value="jdbc:mysql://localhost:3306/ojs"/>
		<property name="username" value="JUNSEOK"/>
		<property name="password" value="2486"/>
	</bean>

</beans>